"Activity Date","Process Date","Settle Date","Instrument","Description","Trans Code","Quantity","Price","Amount"
"4/3/2025","4/3/2025","4/4/2025","VOO","Vanguard S&P 500 ETF
CUSIP: 922908363","Buy","0.5","$498.29","($249.14)"
"4/3/2025","4/3/2025","4/4/2025","BKNG","Booking Holdings
CUSIP: 09857L108","Buy","0.025","$4,445.00","($111.13)"
"4/3/2025","4/3/2025","4/4/2025","AMZN","Amazon
CUSIP: 023135106","Buy","1","$180.55","($180.55)"
"4/3/2025","4/3/2025","4/4/2025","","ACH Deposit","ACH","","","$500.00"
"4/1/2025","4/1/2025","4/1/2025","NOBL","Manufactured Div: R/D 2025-03-26 P/D 2025-04-01 - 3 shares at 0.465379","MDIV","","","$1.40"
"4/1/2025","4/1/2025","4/1/2025","TXRH","Cash Div: R/D 2025-03-18 P/D 2025-04-01 - 2 shares at 0.68","CDIV","","","$1.36"
"3/31/2025","3/31/2025","3/31/2025","VTI","Cash Div: R/D 2025-03-27 P/D 2025-03-31 - 1 shares at 0.9854","CDIV","","","$0.99"
"3/31/2025","3/31/2025","3/31/2025","SCHG","Cash Div: R/D 2025-03-26 P/D 2025-03-31 - 110 shares at 0.0272","CDIV","","","$2.99"
"3/31/2025","3/31/2025","3/31/2025","SCHD","Cash Div: R/D 2025-03-26 P/D 2025-03-31 - 74 shares at 0.2488","CDIV","","","$18.41"
"3/31/2025","3/31/2025","3/31/2025","BKNG","Cash Div: R/D 2025-03-07 P/D 2025-03-31 - 0.05 shares at 9.6","CDIV","","","$0.48"
"3/31/2025","3/31/2025","3/31/2025","VOO","Cash Div: R/D 2025-03-27 P/D 2025-03-31 - 10.5 shares at 1.8121","CDIV","","","$19.03"
"3/31/2025","3/31/2025","4/1/2025","SCHG","Schwab US Large-Cap Growth ETF
CUSIP: 808524300","Buy","6","$25.06","($150.33)"
"3/31/2025","3/31/2025","4/1/2025","VOO","Vanguard S&P 500 ETF
CUSIP: 922908363","Buy","0.5","$514.15","($257.07)"
"3/28/2025","3/28/2025","3/28/2025","RSP","Cash Div: R/D 2025-03-24 P/D 2025-03-28 - 2 shares at 0.83084","CDIV","","","$1.66"
"3/28/2025","3/28/2025","3/31/2025","SCHD","Schwab US Dividend Equity ETF
CUSIP: 808524797","Buy","1","$27.58","($27.58)"
"3/28/2025","3/28/2025","3/31/2025","SCHG","Schwab US Large-Cap Growth ETF
CUSIP: 808524300","Buy","15","$25.05","($375.74)"
"3/28/2025","3/28/2025","3/31/2025","","ACH Deposit","ACH","","","$750.00"
"3/25/2025","3/25/2025","3/25/2025","VYM","Cash Div: R/D 2025-03-21 P/D 2025-03-25 - 2 shares at 0.85","CDIV","","","$1.70"
"3/25/2025","3/25/2025","3/26/2025","HIMS","Hims & Hers Health
CUSIP: 433000106","Sell","2","$36.29","$72.58"
"3/19/2025","3/19/2025","3/20/2025","SCHD","Schwab US Dividend Equity ETF
CUSIP: 808524797","Buy","3","$27.92","($83.75)"
"3/19/2025","3/19/2025","3/20/2025","SCHG","Schwab US Large-Cap Growth ETF
CUSIP: 808524300","Buy","1","$25.48","($25.49)"
"3/19/2025","3/19/2025","3/20/2025","MA","Mastercard
CUSIP: 57636Q104","Buy","0.25","$533.88","($133.47)"
"3/19/2025","3/19/2025","3/20/2025","AMZN","Amazon
CUSIP: 023135106","Buy","1","$192.50","($192.50)"
"3/19/2025","3/19/2025","3/20/2025","TXRH","Texas Roadhouse
CUSIP: 882681109","Buy","1","$168.83","($168.83)"
"3/19/2025","3/19/2025","3/20/2025","GOOGL","Alphabet Class A
CUSIP: 02079K305","Buy","1","$162.83","($162.83)"
"3/19/2025","3/19/2025","3/20/2025","","ACH Deposit","ACH","","","$750.00"
"3/17/2025","3/17/2025","3/17/2025","GOOGL","Cash Div: R/D 2025-03-10 P/D 2025-03-17 - 2 shares at 0.2","CDIV","","","$0.40"
"3/14/2025","3/14/2025","3/14/2025","O","Cash Div: R/D 2025-03-03 P/D 2025-03-14 - 4 shares at 0.268","CDIV","","","$1.07"
"3/14/2025","3/14/2025","3/14/2025","ADC","Cash Div: R/D 2025-02-28 P/D 2025-03-14 - 1 shares at 0.253","CDIV","","","$0.25"
"3/13/2025","3/13/2025","3/13/2025","MSFT","Cash Div: R/D 2025-02-20 P/D 2025-03-13 - 1 shares at 0.83","CDIV","","","$0.83"
"3/10/2025","3/10/2025","3/11/2025","SCHG","Schwab US Large-Cap Growth ETF
CUSIP: 808524300","Buy","9","$25.07","($225.63)"
"3/10/2025","3/10/2025","3/11/2025","VOO","Vanguard S&P 500 ETF
CUSIP: 922908363","Buy","0.5","$514.94","($257.47)"
"3/10/2025","3/10/2025","3/11/2025","","ACH Deposit","ACH","","","$500.00"
"3/7/2025","3/7/2025","3/7/2025","RSP","Stock Lending","SLIP","","","$0.01"
"3/7/2025","3/7/2025","3/7/2025","VYM","Stock Lending","SLIP","","","$0.01"
"3/7/2025","3/7/2025","3/7/2025","NOBL","Stock Lending","SLIP","","","$0.01"
"3/7/2025","3/7/2025","3/7/2025","SCHG","Stock Lending","SLIP","","","$0.01"
"3/7/2025","3/7/2025","3/7/2025","SCHD","Stock Lending","SLIP","","","$0.01"
"3/7/2025","3/7/2025","3/7/2025","HIMS","Stock Lending","SLIP","","","$0.01"
"3/7/2025","3/7/2025","3/10/2025","SCHD","Schwab US Dividend Equity ETF
CUSIP: 808524797","Buy","4","$28.24","($112.97)"
"3/7/2025","3/7/2025","3/10/2025","SCHG","Schwab US Large-Cap Growth ETF
CUSIP: 808524300","Buy","8","$25.90","($207.20)"
"3/7/2025","3/7/2025","3/10/2025","","ACH Deposit","ACH","","","$300.00"
"3/3/2025","3/3/2025","3/4/2025","","ACH Deposit","ACH","","","$500.00"
"3/3/2025","3/3/2025","3/4/2025","SCHG","Schwab US Large-Cap Growth ETF
CUSIP: 808524300","Buy","12","$26.48","($317.76)"
"3/3/2025","3/3/2025","3/4/2025","EQIX","Equinix
CUSIP: 29444U700","Buy","0.2","$908.95","($181.79)"
"2/26/2025","2/26/2025","2/27/2025","SCHD","Schwab US Dividend Equity ETF
CUSIP: 808524797","Buy","22","$28.29","($622.29)"
"2/26/2025","2/26/2025","2/27/2025","VOO","Vanguard S&P 500 ETF
CUSIP: 922908363","Buy","1","$550.65","($550.65)"
"2/26/2025","2/26/2025","2/27/2025","SCHG","Schwab US Large-Cap Growth ETF
CUSIP: 808524300","Buy","5","$27.76","($138.80)"
"2/26/2025","2/26/2025","2/27/2025","HIMS","Hims & Hers Health
CUSIP: 433000106","Buy","2","$42.48","($84.96)"
"2/26/2025","2/26/2025","2/27/2025","","ACH Deposit","ACH","","","$1,400.00"
"2/21/2025","2/21/2025","2/21/2025","COST","Cash Div: R/D 2025-02-07 P/D 2025-02-21 - 1 shares at 1.16","CDIV","","","$1.16"
"2/14/2025","2/14/2025","2/14/2025","O","Cash Div: R/D 2025-02-03 P/D 2025-02-14 - 4 shares at 0.264","CDIV","","","$1.06"
"2/14/2025","2/14/2025","2/14/2025","ADC","Cash Div: R/D 2025-01-31 P/D 2025-02-14 - 1 shares at 0.253","CDIV","","","$0.25"
"2/7/2025","2/7/2025","2/7/2025","MA","Cash Div: R/D 2025-01-09 P/D 2025-02-07 - 0.5 shares at 0.76","CDIV","","","$0.38"
"2/7/2025","2/7/2025","2/7/2025","VYM","Stock Lending","SLIP","","","$0.01"
"2/7/2025","2/7/2025","2/7/2025","SCHG","Stock Lending","SLIP","","","$0.01"
"2/7/2025","2/7/2025","2/7/2025","SCHD","Stock Lending","SLIP","","","$0.01"
"2/7/2025","2/7/2025","2/7/2025","RSP","Stock Lending","SLIP","","","$0.01"
"2/7/2025","2/7/2025","2/7/2025","NOBL","Stock Lending","SLIP","","","$0.01"
"1/21/2025","1/21/2025","1/22/2025","MSFT","Microsoft
CUSIP: 594918104","Buy","0.25","$427.62","($106.91)"
"1/21/2025","1/21/2025","1/22/2025","RSP","Invesco S&P 500 Equal Weight ETF
CUSIP: 46137V357","Buy","1","$182.26","($182.26)"
"1/21/2025","1/21/2025","1/22/2025","NFLX","Netflix
CUSIP: 64110L106","Sell","0.25","$996.00","$249.00"
"1/15/2025","1/15/2025","1/15/2025","ADC","Cash Div: R/D 2024-12-31 P/D 2025-01-15 - 1 shares at 0.253","CDIV","","","$0.25"
"1/15/2025","1/15/2025","1/15/2025","O","Cash Div: R/D 2025-01-02 P/D 2025-01-15 - 4 shares at 0.264","CDIV","","","$1.06"
"1/10/2025","1/10/2025","1/13/2025","SCHG","Schwab US Large-Cap Growth ETF
CUSIP: 808524300","Buy","5","$27.74","($138.69)"
"1/10/2025","1/10/2025","1/13/2025","SCHD","Schwab US Dividend Equity ETF
CUSIP: 808524797","Buy","5","$26.97","($134.85)"
"1/10/2025","1/10/2025","1/13/2025","","ACH Deposit","ACH","","","$250.00"
"1/10/2025","1/10/2025","1/13/2025","VTI","Vanguard Total Stock Market ETF
CUSIP: 922908769","Buy","0.5","$290.05","($145.03)"
"1/9/2025","1/9/2025","1/9/2025","CRM","Cash Div: R/D 2024-12-18 P/D 2025-01-09 - 1 shares at 0.4","CDIV","","","$0.40"
"1/8/2025","1/8/2025","1/9/2025","COST","Costco
CUSIP: 22160K105","Buy","0.4","$945.10","($378.04)"
"1/8/2025","1/8/2025","1/9/2025","","ACH Deposit","ACH","","","$400.00"
"1/8/2025","1/8/2025","1/9/2025","","ACH Deposit","ACH","","","$150.00"
"1/8/2025","1/8/2025","1/8/2025","SCHD","Stock Lending","SLIP","","","$0.01"
"1/8/2025","1/8/2025","1/8/2025","SCHG","Stock Lending","SLIP","","","$0.01"
"1/8/2025","1/8/2025","1/8/2025","RSP","Stock Lending","SLIP","","","$0.01"
"1/8/2025","1/8/2025","1/8/2025","NOBL","Stock Lending","SLIP","","","$0.01"
"12/31/2024","12/31/2024","12/31/2024","TXRH","Cash Div: R/D 2024-12-10 P/D 2024-12-31 - 2 shares at 0.61","CDIV","","","$1.22"
"12/31/2024","12/31/2024","12/31/2024","NOBL","Manufactured Div: R/D 2024-12-23 P/D 2024-12-31 - 3 shares at 0.586338","MDIV","","","$1.76"
"12/31/2024","12/31/2024","12/31/2024","BKNG","Cash Div: R/D 2024-12-06 P/D 2024-12-31 - 0.03 shares at 8.75","CDIV","","","$0.26"
"12/30/2024","12/30/2024","12/31/2024","SCHD","Schwab US Dividend Equity ETF
CUSIP: 808524797","Buy","9","$27.23","($245.07)"
"12/30/2024","12/30/2024","12/31/2024","","ACH Deposit","ACH","","","$260.00"
"12/27/2024","12/27/2024","12/27/2024","RSP","Cash Div: R/D 2024-12-23 P/D 2024-12-27 - 1 shares at 0.61965","CDIV","","","$0.62"
"12/27/2024","12/27/2024","12/30/2024","VOO","Vanguard S&P 500 ETF
CUSIP: 922908363","Buy","0.5","$545.14","($272.57)"
"12/27/2024","12/27/2024","12/30/2024","","ACH Deposit","ACH","","","$265.00"
"12/26/2024","12/26/2024","12/26/2024","VOO","Cash Div: R/D 2024-12-23 P/D 2024-12-26 - 8.5 shares at 1.7385","CDIV","","","$14.78"
"12/26/2024","12/26/2024","12/26/2024","VTI","Cash Div: R/D 2024-12-23 P/D 2024-12-26 - 0.5 shares at 0.9412","CDIV","","","$0.47"
"12/24/2024","12/24/2024","12/24/2024","VYM","Cash Div: R/D 2024-12-20 P/D 2024-12-24 - 2 shares at 0.9642","CDIV","","","$1.93"
"12/18/2024","12/18/2024","12/19/2024","VOO","Vanguard S&P 500 ETF
CUSIP: 922908363","Buy","0.25","$539.48","($134.87)"
"12/18/2024","12/18/2024","12/19/2024","","ACH Deposit","ACH","","","$2.00"
"12/18/2024","12/18/2024","12/19/2024","","ACH Deposit","ACH","","","$125.00"
"12/16/2024","12/16/2024","12/16/2024","SCHG","Cash Div: R/D 2024-12-11 P/D 2024-12-16 - 70 shares at 0.0316","CDIV","","","$2.21"
"12/16/2024","12/16/2024","12/16/2024","SCHD","Cash Div: R/D 2024-12-11 P/D 2024-12-16 - 31 shares at 0.2645","CDIV","","","$8.20"
"12/16/2024","12/16/2024","12/16/2024","GOOGL","Cash Div: R/D 2024-12-09 P/D 2024-12-16 - 2 shares at 0.2","CDIV","","","$0.40"
"12/13/2024","12/13/2024","12/13/2024","O","Cash Div: R/D 2024-12-02 P/D 2024-12-13 - 4 shares at 0.2635","CDIV","","","$1.05"
"12/13/2024","12/13/2024","12/13/2024","ADC","Cash Div: R/D 2024-11-29 P/D 2024-12-13 - 1 shares at 0.253","CDIV","","","$0.25"
"12/13/2024","12/13/2024","12/16/2024","NOBL","ProShares S&P 500 Dividend Aristocrats ETF
CUSIP: 74348A467","Sell","0.003643","$104.80","$0.38"
"12/12/2024","12/12/2024","12/12/2024","MSFT","Cash Div: R/D 2024-11-21 P/D 2024-12-12 - 0.673807 shares at 0.83","CDIV","","","$0.56"
"12/12/2024","12/12/2024","12/13/2024","MSFT","Microsoft
CUSIP: 594918104","Buy","0.076193","$451.80","($34.42)"
"12/12/2024","12/12/2024","12/13/2024","VTI","Vanguard Total Stock Market ETF
CUSIP: 922908769","Buy","0.101405","$300.41","($30.46)"
"12/12/2024","12/12/2024","12/13/2024","COST","Costco
CUSIP: 22160K105","Buy","0.1","$990.80","($99.08)"
"12/12/2024","12/12/2024","12/13/2024","BKNG","Booking Holdings
CUSIP: 09857L108","Buy","0.02","$5,275.65","($105.51)"
"12/12/2024","12/12/2024","12/13/2024","NFLX","Netflix
CUSIP: 64110L106","Buy","0.075617","$926.12","($70.03)"
"12/12/2024","12/12/2024","12/13/2024","CMG","Chipotle
CUSIP: 169656105","Sell","5","$66.32","$331.60"
"12/6/2024","12/6/2024","12/6/2024","VOO","Stock Lending","SLIP","","","$0.01"
"12/6/2024","12/6/2024","12/6/2024","ADC","Stock Lending","SLIP","","","$0.01"
"12/6/2024","12/6/2024","12/6/2024","SCHG","Stock Lending","SLIP","","","$0.01"
"12/6/2024","12/6/2024","12/6/2024","SCHD","Stock Lending","SLIP","","","$0.01"
"12/6/2024","12/6/2024","12/6/2024","NOBL","Stock Lending","SLIP","","","$0.01"
"12/6/2024","12/6/2024","12/6/2024","RSP","Stock Lending","SLIP","","","$0.01"
"12/5/2024","12/5/2024","12/6/2024","SCHD","Schwab US Dividend Equity ETF
CUSIP: 808524797","Buy","1","$28.96","($28.96)"
"12/5/2024","12/5/2024","12/6/2024","VOO","Vanguard S&P 500 ETF
CUSIP: 922908363","Buy","0.25","$557.49","($139.37)"
"12/5/2024","12/5/2024","12/6/2024","SCHG","Schwab US Large-Cap Growth ETF
CUSIP: 808524300","Buy","6","$28.54","($171.24)"
"11/15/2024","11/15/2024","11/15/2024","COST","Cash Div: R/D 2024-11-01 P/D 2024-11-15 - 0.5 shares at 1.16","CDIV","","","$0.58"
"11/15/2024","11/15/2024","11/15/2024","O","Cash Div: R/D 2024-11-01 P/D 2024-11-15 - 4 shares at 0.2635","CDIV","","","$1.05"
"11/14/2024","11/14/2024","11/14/2024","ADC","Cash Div: R/D 2024-10-31 P/D 2024-11-14 - 1 shares at 0.253","CDIV","","","$0.25"
"11/8/2024","11/8/2024","11/8/2024","MA","Cash Div: R/D 2024-10-09 P/D 2024-11-08 - 0.5 shares at 0.66","CDIV","","","$0.33"
"11/7/2024","11/7/2024","11/7/2024","RSP","Stock Lending","SLIP","","","$0.01"
"11/7/2024","11/7/2024","11/7/2024","TXRH","Stock Lending","SLIP","","","$0.01"
"11/7/2024","11/7/2024","11/7/2024","ARM","Stock Lending","SLIP","","","$0.01"
"11/7/2024","11/7/2024","11/7/2024","SCHD","Stock Lending","SLIP","","","$0.01"
"11/7/2024","11/7/2024","11/7/2024","SCHG","Stock Lending","SLIP","","","$0.01"
"11/7/2024","11/7/2024","11/7/2024","ADC","Stock Lending","SLIP","","","$0.01"
"11/7/2024","11/7/2024","11/7/2024","NOBL","Stock Lending","SLIP","","","$0.01"
"10/15/2024","10/15/2024","10/15/2024","O","Cash Div: R/D 2024-10-01 P/D 2024-10-15 - 4 shares at 0.2635","CDIV","","","$1.05"
"10/15/2024","10/15/2024","10/15/2024","ADC","Cash Div: R/D 2024-09-30 P/D 2024-10-15 - 1 shares at 0.25","CDIV","","","$0.25"
"10/11/2024","10/11/2024","10/15/2024","ARM","Arm Holdings plc
CUSIP: 042068205","Sell","1","$151.44","$151.44"
"10/11/2024","10/11/2024","10/11/2024","SCHD","Schwab US Dividend Equity ETF
CUSIP: 808524797","SPL","20","",""
"10/11/2024","10/11/2024","10/11/2024","SCHG","Schwab US Large-Cap Growth ETF
CUSIP: 808524300","SPL","48","",""
"10/8/2024","10/8/2024","10/8/2024","CRM","Cash Div: R/D 2024-09-18 P/D 2024-10-08 - 1 shares at 0.4","CDIV","","","$0.40"
"10/7/2024","10/7/2024","10/7/2024","SCHD","Stock Lending","SLIP","","","$0.01"
"10/7/2024","10/7/2024","10/7/2024","TXRH","Stock Lending","SLIP","","","$0.01"
"10/7/2024","10/7/2024","10/7/2024","NOBL","Stock Lending","SLIP","","","$0.01"
"10/7/2024","10/7/2024","10/7/2024","SCHG","Stock Lending","SLIP","","","$0.01"
"10/7/2024","10/7/2024","10/7/2024","O","Stock Lending","SLIP","","","$0.01"
"10/7/2024","10/7/2024","10/7/2024","ADC","Stock Lending","SLIP","","","$0.01"
"10/7/2024","10/7/2024","10/7/2024","ARM","Stock Lending","SLIP","","","$0.01"
"10/7/2024","10/7/2024","10/7/2024","RSP","Stock Lending","SLIP","","","$0.01"
"10/2/2024","10/2/2024","10/2/2024","NOBL","Cash Div: R/D 2024-09-25 P/D 2024-10-02 - 3.003643 shares at 0.522315","CDIV","","","$1.57"
"10/1/2024","10/1/2024","10/1/2024","VOO","Cash Div: R/D 2024-09-27 P/D 2024-10-01 - 8 shares at 1.6386","CDIV","","","$13.11"
"10/1/2024","10/1/2024","10/1/2024","VTI","Cash Div: R/D 2024-09-27 P/D 2024-10-01 - 0.398595 shares at 0.8707","CDIV","","","$0.35"
"9/30/2024","9/30/2024","9/30/2024","SCHG","Cash Div: R/D 2024-09-25 P/D 2024-09-30 - 16 shares at 0.11","CDIV","","","$1.76"
"9/30/2024","9/30/2024","9/30/2024","SCHD","Cash Div: R/D 2024-09-25 P/D 2024-09-30 - 10 shares at 0.7545","CDIV","","","$7.55"
"9/30/2024","9/30/2024","9/30/2024","BKNG","Cash Div: R/D 2024-09-06 P/D 2024-09-30 - 0.03 shares at 8.75","CDIV","","","$0.26"
"9/27/2024","9/27/2024","9/27/2024","RSP","Cash Div: R/D 2024-09-23 P/D 2024-09-27 - 1 shares at 0.69481","CDIV","","","$0.69"
"9/24/2024","9/24/2024","9/24/2024","TXRH","Cash Div: R/D 2024-09-04 P/D 2024-09-24 - 2 shares at 0.61","CDIV","","","$1.22"
"9/24/2024","9/24/2024","9/24/2024","VYM","Cash Div: R/D 2024-09-20 P/D 2024-09-24 - 2 shares at 0.8511","CDIV","","","$1.70"
"9/16/2024","9/16/2024","9/16/2024","ADC","Cash Div: R/D 2024-08-30 P/D 2024-09-16 - 1 shares at 0.25","CDIV","","","$0.25"
"9/16/2024","9/16/2024","9/16/2024","GOOGL","Cash Div: R/D 2024-09-09 P/D 2024-09-16 - 2 shares at 0.2","CDIV","","","$0.40"
"9/16/2024","9/16/2024","9/17/2024","","ACH Deposit","ACH","","","$100.00"
"9/13/2024","9/13/2024","9/13/2024","O","Cash Div: R/D 2024-09-03 P/D 2024-09-13 - 4 shares at 0.263","CDIV","","","$1.05"
"9/12/2024","9/12/2024","9/12/2024","MSFT","Cash Div: R/D 2024-08-15 P/D 2024-09-12 - 0.673807 shares at 0.75","CDIV","","","$0.51"
"9/10/2024","9/10/2024","9/10/2024","ARM","ADR Fee: R/D 2024-08-27 P/D 2024-09-10 - 1.000000 shares at 0.02","AFEE","","","($0.02)"
"9/9/2024","9/9/2024","9/9/2024","SCHD","Stock Lending","SLIP","","","$0.01"
"9/9/2024","9/9/2024","9/9/2024","SPHD","Stock Lending","SLIP","","","$0.01"
"9/9/2024","9/9/2024","9/9/2024","SCHG","Stock Lending","SLIP","","","$0.01"
"9/9/2024","9/9/2024","9/9/2024","ARM","Stock Lending","SLIP","","","$0.01"
"9/9/2024","9/9/2024","9/9/2024","RSP","Stock Lending","SLIP","","","$0.01"
"9/9/2024","9/9/2024","9/9/2024","NOBL","Stock Lending","SLIP","","","$0.01"
"9/9/2024","9/9/2024","9/9/2024","AMC","Stock Lending","SLIP","","","$0.01"
"9/9/2024","9/9/2024","9/10/2024","VOO","Vanguard S&P 500 ETF
CUSIP: 922908363","Buy","0.5","$501.11","($250.56)"
"9/9/2024","9/9/2024","9/10/2024","","ACH Deposit","ACH","","","$200.00"
"9/9/2024","9/9/2024","9/10/2024","","ACH Deposit","ACH","","","$100.00"
"9/6/2024","9/6/2024","9/9/2024","VOO","Vanguard S&P 500 ETF
CUSIP: 922908363","Buy","0.5","$498.48","($249.24)"
"9/6/2024","9/6/2024","9/9/2024","","ACH Deposit","ACH","","","$200.00"
"9/6/2024","9/6/2024","9/9/2024","","ACH Withdrawal","ACH","","","($100.00)"
"9/3/2024","9/3/2024","9/4/2024","","ACH Deposit","ACH","","","$100.00"
"8/27/2024","8/27/2024","8/28/2024","VOO","Vanguard S&P 500 ETF
CUSIP: 922908363","Buy","2","$516.14","($1,032.28)"
"8/27/2024","8/27/2024","8/28/2024","HD","Home Depot
CUSIP: 437076102","Sell","0.5","$373.15","$186.58"
"8/27/2024","8/27/2024","8/28/2024","KO","Coca-Cola
CUSIP: 191216100","Sell","2","$71.40","$142.81"
"8/27/2024","8/27/2024","8/28/2024","VICI","VICI Properties
CUSIP: 925652109","Sell","3","$33.14","$99.41"
"8/27/2024","8/27/2024","8/28/2024","QQQ","Invesco QQQ
CUSIP: 46090E103","Sell","0.192598","$476.90","$91.85"
"8/27/2024","8/27/2024","8/28/2024","MCD","McDonald's
CUSIP: 580135101","Sell","0.5","$290.06","$145.03"
"8/27/2024","8/27/2024","8/28/2024","SPHD","Invesco S&P 500 High Dividend Low Volatility ETF
CUSIP: 46138E362","Sell","3","$49.02","$147.06"
"8/27/2024","8/27/2024","8/28/2024","JEPI","JPMorgan Equity Premium Income
CUSIP: 46641Q332","Sell","2","$58.34","$116.67"
"8/27/2024","8/27/2024","8/28/2024","TXN","Texas Instruments
CUSIP: 882508104","Sell","0.5","$210.58","$105.29"
"8/27/2024","8/27/2024","8/28/2024","SCHD","Schwab US Dividend Equity ETF
CUSIP: 808524797","Buy","4","$83.40","($333.60)"
"8/27/2024","8/27/2024","8/28/2024","VUG","Vanguard Growth ETF
CUSIP: 922908736","Sell","0.14502","$376.80","$54.64"
"8/27/2024","8/27/2024","8/28/2024","VIG","Vanguard Dividend Appreciation ETF
CUSIP: 921908844","Sell","0.273554","$194.10","$53.10"
"8/27/2024","8/27/2024","8/28/2024","PEP","PepsiCo
CUSIP: 713448108","Sell","0.2973","$174.66","$51.92"
"8/26/2024","8/26/2024","8/27/2024","","ACH Deposit","ACH","","","$100.00"
"8/23/2024","8/23/2024","8/23/2024","SPHD","Cash Div: R/D 2024-08-19 P/D 2024-08-23 - 3 shares at 0.13123","CDIV","","","$0.39"
"8/23/2024","8/23/2024","8/26/2024","DIS","Disney
CUSIP: 254687106","Sell","0.5","$90.32","$45.16"
"8/23/2024","8/23/2024","8/26/2024","AMC","AMC Entertainment
CUSIP: 00165C302","Sell","5","$5.04","$25.18"
"8/19/2024","8/19/2024","8/20/2024","VOO","Vanguard S&P 500 ETF
CUSIP: 922908363","Buy","0.5","$510.33","($255.17)"
"8/19/2024","8/19/2024","8/20/2024","","ACH Deposit","ACH","","","$100.00"
"8/15/2024","8/15/2024","8/15/2024","O","Cash Div: R/D 2024-08-01 P/D 2024-08-15 - 4 shares at 0.263","CDIV","","","$1.05"
"8/14/2024","8/14/2024","8/14/2024","ADC","Cash Div: R/D 2024-07-31 P/D 2024-08-14 - 1 shares at 0.25","CDIV","","","$0.25"
"8/13/2024","8/13/2024","8/13/2024","TXN","Cash Div: R/D 2024-07-31 P/D 2024-08-13 - 0.5 shares at 1.3","CDIV","","","$0.65"
"8/13/2024","8/13/2024","8/14/2024","SBUX","Starbucks
CUSIP: 855244109","Sell","2","$92.28","$184.56"
"8/12/2024","8/12/2024","8/13/2024","BKNG","Booking Holdings
CUSIP: 09857L108","Buy","0.03","$3,437.34","($103.12)"
"8/12/2024","8/12/2024","8/13/2024","","ACH Deposit","ACH","","","$100.00"
"8/9/2024","8/9/2024","8/9/2024","COST","Cash Div: R/D 2024-07-26 P/D 2024-08-09 - 0.5 shares at 1.16","CDIV","","","$0.58"
"8/9/2024","8/9/2024","8/9/2024","MA","Cash Div: R/D 2024-07-09 P/D 2024-08-09 - 0.5 shares at 0.66","CDIV","","","$0.33"
"8/7/2024","8/7/2024","8/8/2024","VOO","Vanguard S&P 500 ETF
CUSIP: 922908363","Buy","0.5","$478.04","($239.02)"
"8/7/2024","8/7/2024","8/8/2024","SCHG","Schwab US Large-Cap Growth ETF
CUSIP: 808524300","Buy","1","$92.96","($92.96)"
"8/7/2024","8/7/2024","8/7/2024","SCHG","Stock Lending","SLIP","","","$0.01"
"8/7/2024","8/7/2024","8/7/2024","VYM","Stock Lending","SLIP","","","$0.01"
"8/7/2024","8/7/2024","8/7/2024","TXRH","Stock Lending","SLIP","","","$0.01"
"8/7/2024","8/7/2024","8/7/2024","NOBL","Stock Lending","SLIP","","","$0.01"
"8/7/2024","8/7/2024","8/7/2024","AMC","Stock Lending","SLIP","","","$0.01"
"8/7/2024","8/7/2024","8/7/2024","ARM","Stock Lending","SLIP","","","$0.01"
"8/7/2024","8/7/2024","8/7/2024","RSP","Stock Lending","SLIP","","","$0.01"
"8/6/2024","8/6/2024","8/7/2024","SCHG","Schwab US Large-Cap Growth ETF
CUSIP: 808524300","Buy","2","$93.68","($187.36)"
"8/5/2024","8/5/2024","8/5/2024","JEPI","Cash Div: R/D 2024-08-01 P/D 2024-08-05 - 2 shares at 0.28949","CDIV","","","$0.58"
"8/5/2024","8/5/2024","8/6/2024","SCHG","Schwab US Large-Cap Growth ETF
CUSIP: 808524300","Buy","1","$92.43","($92.43)"
"8/5/2024","8/5/2024","8/6/2024","SCHG","Schwab US Large-Cap Growth ETF
CUSIP: 808524300","Buy","2","$93.36","($186.72)"
"8/5/2024","8/5/2024","8/6/2024","SCHG","Schwab US Large-Cap Growth ETF
CUSIP: 808524300","Buy","2","$91.47","($182.94)"
"8/5/2024","8/5/2024","8/6/2024","","ACH Deposit","ACH","","","$1,000.00"
"8/5/2024","8/5/2024","8/6/2024","SCHG","Schwab US Large-Cap Growth ETF
CUSIP: 808524300","Buy","1","$91.17","($91.17)"
"8/5/2024","8/5/2024","8/6/2024","","ACH Deposit","ACH","","","$100.00"
"8/2/2024","8/2/2024","8/5/2024","SCHG","Schwab US Large-Cap Growth ETF
CUSIP: 808524300","Buy","2","$94.96","($189.92)"
"8/2/2024","8/2/2024","8/5/2024","","ACH Deposit","ACH","","","$200.00"
"7/31/2024","7/31/2024","7/31/2024","QQQ","Cash Div: R/D 2024-06-24 P/D 2024-07-31 - 0.192598 shares at 0.7615","CDIV","","","$0.15"
"7/29/2024","7/29/2024","7/30/2024","SCHG","Schwab US Large-Cap Growth ETF
CUSIP: 808524300","Buy","1","$99.11","($99.11)"
"7/29/2024","7/29/2024","7/30/2024","","ACH Deposit","ACH","","","$100.00"
"7/26/2024","7/26/2024","7/26/2024","SPHD","Cash Div: R/D 2024-07-22 P/D 2024-07-26 - 3 shares at 0.13513","CDIV","","","$0.41"
"7/25/2024","7/25/2024","7/25/2024","CRM","Cash Div: R/D 2024-07-09 P/D 2024-07-25 - 1 shares at 0.4","CDIV","","","$0.40"
"7/25/2024","7/25/2024","7/25/2024","DIS","Cash Div: R/D 2024-07-08 P/D 2024-07-25 - 0.5 shares at 0.45","CDIV","","","$0.23"
"7/22/2024","7/22/2024","7/23/2024","SCHG","Schwab US Large-Cap Growth ETF
CUSIP: 808524300","Buy","1","$102.12","($102.12)"
"7/22/2024","7/22/2024","7/23/2024","","ACH Deposit","ACH","","","$100.00"
"7/18/2024","7/18/2024","7/19/2024","SCHG","Schwab US Large-Cap Growth ETF
CUSIP: 808524300","Buy","2","$100.50","($200.99)"
"7/18/2024","7/18/2024","7/19/2024","","ACH Deposit","ACH","","","$155.00"
"7/15/2024","7/15/2024","7/15/2024","O","Cash Div: R/D 2024-07-01 P/D 2024-07-15 - 4 shares at 0.263","CDIV","","","$1.05"
"7/15/2024","7/15/2024","7/15/2024","ADC","Cash Div: R/D 2024-06-28 P/D 2024-07-15 - 1 shares at 0.25","CDIV","","","$0.25"
"7/15/2024","7/15/2024","7/16/2024","SCHG","Schwab US Large-Cap Growth ETF
CUSIP: 808524300","Buy","0.5","$104.44","($52.22)"
"7/15/2024","7/15/2024","7/16/2024","","ACH Deposit","ACH","","","$100.00"
"7/12/2024","7/12/2024","7/15/2024","SCHG","Schwab US Large-Cap Growth ETF
CUSIP: 808524300","Buy","0.5","$104.86","($52.43)"
"7/8/2024","7/8/2024","7/9/2024","CMG","Chipotle
CUSIP: 169656105","Buy","1","$59.08","($59.09)"
"7/8/2024","7/8/2024","7/9/2024","","ACH Deposit","ACH","","","$100.00"
"7/5/2024","7/5/2024","7/5/2024","AMC","Stock Lending","SLIP","","","$0.01"
"7/5/2024","7/5/2024","7/5/2024","ADC","Stock Lending","SLIP","","","$0.01"
"7/5/2024","7/5/2024","7/5/2024","VYM","Stock Lending","SLIP","","","$0.01"
"7/5/2024","7/5/2024","7/5/2024","RSP","Stock Lending","SLIP","","","$0.01"
"7/5/2024","7/5/2024","7/5/2024","NOBL","Stock Lending","SLIP","","","$0.01"
"7/5/2024","7/5/2024","7/5/2024","VOO","Stock Lending","SLIP","","","$0.01"
"7/5/2024","7/5/2024","7/5/2024","ARM","Stock Lending","SLIP","","","$0.01"
"7/5/2024","7/5/2024","7/5/2024","SCHD","Stock Lending","SLIP","","","$0.01"
"7/3/2024","7/3/2024","7/3/2024","JEPI","Cash Div: R/D 2024-07-01 P/D 2024-07-03 - 2 shares at 0.33012","CDIV","","","$0.66"
"7/3/2024","7/3/2024","7/3/2024","NOBL","Manufactured Div: R/D 2024-06-26 P/D 2024-07-03 - 3 shares at 0.550235","MDIV","","","$1.65"
"7/3/2024","7/3/2024","7/3/2024","VICI","Cash Div: R/D 2024-06-18 P/D 2024-07-03 - 3 shares at 0.415","CDIV","","","$1.25"
"7/3/2024","7/3/2024","7/5/2024","AMZN","Amazon
CUSIP: 023135106","Buy","0.159647","$197.48","($31.53)"
"7/3/2024","7/3/2024","7/5/2024","MCD","McDonald's
CUSIP: 580135101","Buy","0.142692","$248.62","($35.48)"
"7/3/2024","7/3/2024","7/5/2024","MA","Mastercard
CUSIP: 57636Q104","Buy","0.160317","$445.39","($71.40)"
"7/3/2024","7/3/2024","7/5/2024","HD","Home Depot
CUSIP: 437076102","Buy","0.047583","$336.16","($16.00)"
"7/3/2024","7/3/2024","7/5/2024","SBUX","Starbucks
CUSIP: 855244109","Buy","0.167637","$76.78","($12.87)"
"7/3/2024","7/3/2024","7/5/2024","CRM","Salesforce
CUSIP: 79466L302","Buy","0.253613","$257.44","($65.29)"
"7/2/2024","7/2/2024","7/2/2024","VOO","Cash Div: R/D 2024-06-28 P/D 2024-07-02 - 4 shares at 1.7835","CDIV","","","$7.13"
"7/2/2024","7/2/2024","7/2/2024","VTI","Cash Div: R/D 2024-06-28 P/D 2024-07-02 - 0.398595 shares at 0.9519","CDIV","","","$0.38"
"7/2/2024","7/2/2024","7/2/2024","VIG","Cash Div: R/D 2024-06-28 P/D 2024-07-02 - 0.273554 shares at 0.8992","CDIV","","","$0.25"
"7/2/2024","7/2/2024","7/3/2024","DIS","Disney
CUSIP: 254687106","Buy","0.241474","$97.88","($23.64)"
"7/2/2024","7/2/2024","7/3/2024","KO","Coca-Cola
CUSIP: 191216100","Buy","0.917757","$63.15","($57.96)"
"7/2/2024","7/2/2024","7/3/2024","","ACH Deposit","ACH","","","$200.00"
"7/1/2024","7/1/2024","7/1/2024","VUG","Cash Div: R/D 2024-06-27 P/D 2024-07-01 - 0.14502 shares at 0.456","CDIV","","","$0.07"
"7/1/2024","7/1/2024","7/1/2024","SCHD","Cash Div: R/D 2024-06-26 P/D 2024-07-01 - 6 shares at 0.8241","CDIV","","","$4.94"
"7/1/2024","7/1/2024","7/1/2024","KO","Cash Div: R/D 2024-06-14 P/D 2024-07-01 - 1.082243 shares at 0.485","CDIV","","","$0.52"
"7/1/2024","7/1/2024","7/2/2024","","ACH Deposit","ACH","","","$100.00"
"6/28/2024","6/28/2024","6/28/2024","RSP","Cash Div: R/D 2024-06-24 P/D 2024-06-28 - 1 shares at 0.66342","CDIV","","","$0.66"
"6/28/2024","6/28/2024","6/28/2024","SPHD","Cash Div: R/D 2024-06-24 P/D 2024-06-28 - 3 shares at 0.13011","CDIV","","","$0.39"
"6/28/2024","6/28/2024","6/28/2024","PEP","Cash Div: R/D 2024-06-07 P/D 2024-06-28 - 0.2973 shares at 1.355","CDIV","","","$0.40"
"6/26/2024","6/26/2024","6/26/2024","CMG","Chipotle
CUSIP: 169656105","SPL","3.92","",""
"6/25/2024","6/25/2024","6/25/2024","VYM","Cash Div: R/D 2024-06-21 P/D 2024-06-25 - 2 shares at 1.0237","CDIV","","","$2.05"
"6/25/2024","6/25/2024","6/25/2024","TXRH","Cash Div: R/D 2024-06-12 P/D 2024-06-25 - 2 shares at 0.61","CDIV","","","$1.22"
"6/24/2024","6/24/2024","6/25/2024","CMG","Chipotle
CUSIP: 169656105","Buy","0.034935","$3,185.88","($111.30)"
"6/24/2024","6/24/2024","6/25/2024","","ACH Deposit","ACH","","","$10.00"
"6/24/2024","6/24/2024","6/25/2024","","ACH Deposit","ACH","","","$100.00"
"6/20/2024","6/20/2024","6/21/2024","VOO","Vanguard S&P 500 ETF
CUSIP: 922908363","Buy","0.38902","$505.08","($196.49)"
"6/20/2024","6/20/2024","6/21/2024","","ACH Deposit","ACH","","","$10.00"
"6/20/2024","6/20/2024","6/21/2024","","ACH Deposit","ACH","","","$200.00"
"6/18/2024","6/18/2024","6/20/2024","VOO","Vanguard S&P 500 ETF
CUSIP: 922908363","Buy","0.404774","$503.07","($203.63)"
"6/17/2024","6/17/2024","6/17/2024","GOOGL","Cash Div: R/D 2024-06-10 P/D 2024-06-17 - 2 shares at 0.2","CDIV","","","$0.40"
"6/17/2024","6/17/2024","6/17/2024","MCD","Cash Div: R/D 2024-06-03 P/D 2024-06-17 - 0.357308 shares at 1.67","CDIV","","","$0.60"
"6/17/2024","6/17/2024","6/18/2024","","ACH Deposit","ACH","","","$100.00"
"6/14/2024","6/14/2024","6/14/2024","ADC","Cash Div: R/D 2024-05-31 P/D 2024-06-14 - 1 shares at 0.25","CDIV","","","$0.25"
"6/14/2024","6/14/2024","6/14/2024","O","Cash Div: R/D 2024-06-03 P/D 2024-06-14 - 4 shares at 0.2625","CDIV","","","$1.05"
"6/13/2024","6/13/2024","6/13/2024","HD","Cash Div: R/D 2024-05-30 P/D 2024-06-13 - 0.452417 shares at 2.25","CDIV","","","$1.02"
"6/13/2024","6/13/2024","6/13/2024","MSFT","Cash Div: R/D 2024-05-16 P/D 2024-06-13 - 0.673807 shares at 0.75","CDIV","","","$0.51"
"6/10/2024","6/10/2024","6/11/2024","","ACH Deposit","ACH","","","$100.00"
"6/7/2024","6/7/2024","6/7/2024","VYM","Stock Lending","SLIP","","","$0.01"
"6/7/2024","6/7/2024","6/7/2024","SPHD","Stock Lending","SLIP","","","$0.01"
"6/7/2024","6/7/2024","6/7/2024","SCHD","Stock Lending","SLIP","","","$0.01"
"6/7/2024","6/7/2024","6/7/2024","ARM","Stock Lending","SLIP","","","$0.01"
"6/7/2024","6/7/2024","6/7/2024","RSP","Stock Lending","SLIP","","","$0.01"
"6/7/2024","6/7/2024","6/7/2024","NOBL","Stock Lending","SLIP","","","$0.01"
"6/7/2024","6/7/2024","6/7/2024","AMC","Stock Lending","SLIP","","","$0.01"
"6/7/2024","6/7/2024","6/7/2024","JEPI","Stock Lending","SLIP","","","$0.01"
"6/5/2024","6/5/2024","6/5/2024","JEPI","Cash Div: R/D 2024-06-03 P/D 2024-06-05 - 2 shares at 0.36027","CDIV","","","$0.72"
"6/3/2024","6/3/2024","6/4/2024","VOO","Vanguard S&P 500 ETF
CUSIP: 922908363","Buy","0.208274","$485.13","($101.04)"
"6/3/2024","6/3/2024","6/4/2024","","ACH Deposit","ACH","","","$100.00"
"5/31/2024","5/31/2024","5/31/2024","SBUX","Cash Div: R/D 2024-05-17 P/D 2024-05-31 - 1.832363 shares at 0.57","CDIV","","","$1.04"
"5/31/2024","5/31/2024","6/3/2024","CRM","Salesforce
CUSIP: 79466L302","Buy","0.440305","$227.06","($99.98)"
"5/31/2024","5/31/2024","6/3/2024","CRM","Salesforce
CUSIP: 79466L302","Buy","0.000088","$227.06","($0.02)"
"5/31/2024","5/31/2024","6/3/2024","","ACH Deposit","ACH","","","$100.00"
"5/29/2024","5/29/2024","5/30/2024","VOO","Vanguard S&P 500 ETF
CUSIP: 922908363","Buy","0.20884","$483.91","($101.06)"
"5/28/2024","5/28/2024","5/29/2024","","ACH Deposit","ACH","","","$100.00"
"5/24/2024","5/24/2024","5/24/2024","SPHD","Cash Div: R/D 2024-05-21 P/D 2024-05-24 - 3 shares at 0.13625","CDIV","","","$0.41"
"5/21/2024","5/21/2024","5/21/2024","TXN","Cash Div: R/D 2024-05-08 P/D 2024-05-21 - 0.5 shares at 1.3","CDIV","","","$0.65"
"5/21/2024","5/21/2024","5/23/2024","VOO","Vanguard S&P 500 ETF
CUSIP: 922908363","Buy","0.065815","$487.27","($32.07)"
"5/21/2024","5/21/2024","5/23/2024","COST","Costco
CUSIP: 22160K105","Buy","0.087937","$795.05","($69.91)"
"5/20/2024","5/20/2024","5/21/2024","","ACH Deposit","ACH","","","$100.00"
"5/15/2024","5/15/2024","5/15/2024","O","Cash Div: R/D 2024-05-01 P/D 2024-05-15 - 4 shares at 0.257","CDIV","","","$1.03"
"5/14/2024","5/14/2024","5/14/2024","ADC","Cash Div: R/D 2024-04-30 P/D 2024-05-14 - 1 shares at 0.25","CDIV","","","$0.25"
"5/14/2024","5/14/2024","5/16/2024","VOO","Vanguard S&P 500 ETF
CUSIP: 922908363","Buy","0.207699","$481.46","($100.00)"
"5/13/2024","5/13/2024","5/14/2024","","ACH Deposit","ACH","","","$100.00"
"5/10/2024","5/10/2024","5/10/2024","COST","Cash Div: R/D 2024-04-26 P/D 2024-05-10 - 0.412063 shares at 1.16","CDIV","","","$0.48"
"5/9/2024","5/9/2024","5/9/2024","MA","Cash Div: R/D 2024-04-09 P/D 2024-05-09 - 0.339683 shares at 0.66","CDIV","","","$0.22"
"5/7/2024","5/7/2024","5/9/2024","QQQ","Invesco QQQ
CUSIP: 46090E103","Buy","0.192598","$440.60","($84.86)"
"5/7/2024","5/7/2024","5/9/2024","AMC","AMC Entertainment
CUSIP: 00165C302","Buy","5","$3.17","($15.85)"
"5/6/2024","5/6/2024","5/6/2024","JEPI","Cash Div: R/D 2024-05-02 P/D 2024-05-06 - 2 shares at 0.32609","CDIV","","","$0.65"
"5/6/2024","5/6/2024","5/6/2024","JEPI","Stock Lending","SLIP","","","$0.01"
"5/6/2024","5/6/2024","5/6/2024","RSP","Stock Lending","SLIP","","","$0.01"
"5/6/2024","5/6/2024","5/6/2024","SCHD","Stock Lending","SLIP","","","$0.01"
"5/6/2024","5/6/2024","5/6/2024","SPHD","Stock Lending","SLIP","","","$0.01"
"5/6/2024","5/6/2024","5/6/2024","VYM","Stock Lending","SLIP","","","$0.01"
"5/6/2024","5/6/2024","5/6/2024","NOBL","Stock Lending","SLIP","","","$0.01"
"5/6/2024","5/6/2024","5/7/2024","","ACH Deposit","ACH","","","$100.00"
"5/1/2024","5/1/2024","5/3/2024","SBUX","Starbucks
CUSIP: 855244109","Buy","0.832363","$73.04","($60.80)"
"5/1/2024","5/1/2024","5/3/2024","TXRH","Texas Roadhouse
CUSIP: 882681109","Buy","0.25","$156.78","($39.20)"
"5/1/2024","5/1/2024","5/2/2024","","ACH Deposit","ACH","","","$100.00"
"4/30/2024","4/30/2024","5/2/2024","VTI","Vanguard Total Stock Market ETF
CUSIP: 922908769","Buy","0.398199","$251.94","($100.32)"
"4/30/2024","4/30/2024","5/2/2024","VTI","Vanguard Total Stock Market ETF
CUSIP: 922908769","Buy","0.000396","$251.94","($0.10)"
"4/29/2024","4/29/2024","4/30/2024","","ACH Deposit","ACH","","","$100.00"
"4/26/2024","4/26/2024","4/26/2024","SPHD","Cash Div: R/D 2024-04-23 P/D 2024-04-26 - 3 shares at 0.14107","CDIV","","","$0.42"
"4/22/2024","4/22/2024","4/24/2024","VOO","Vanguard S&P 500 ETF
CUSIP: 922908363","Buy","0.22091","$457.32","($101.03)"
"4/22/2024","4/22/2024","4/23/2024","","ACH Deposit","ACH","","","$100.00"
"4/16/2024","4/16/2024","4/18/2024","CRM","Salesforce
CUSIP: 79466L302","Buy","0.127374","$274.78","($35.00)"
"4/15/2024","4/15/2024","4/15/2024","O","Cash Div: R/D 2024-04-01 P/D 2024-04-15 - 4 shares at 0.257","CDIV","","","$1.03"
"4/15/2024","4/15/2024","4/17/2024","VOO","Vanguard S&P 500 ETF
CUSIP: 922908363","Buy","0.140201","$463.62","($65.00)"
"4/15/2024","4/15/2024","4/16/2024","","ACH Deposit","ACH","","","$100.00"
"4/9/2024","4/9/2024","4/11/2024","CRM","Salesforce
CUSIP: 79466L302","Buy","0.17862","$303.04","($54.13)"
"4/9/2024","4/9/2024","4/11/2024","ADC","Agree Realty
CUSIP: 008492100","Buy","1","$57.54","($57.54)"
"4/8/2024","4/8/2024","4/9/2024","","ACH Deposit","ACH","","","$100.00"
"4/5/2024","4/5/2024","4/5/2024","ARM","Stock Lending","SLIP","","","$0.01"
"4/5/2024","4/5/2024","4/5/2024","SPHD","Stock Lending","SLIP","","","$0.01"
"4/5/2024","4/5/2024","4/5/2024","SCHD","Stock Lending","SLIP","","","$0.01"
"4/5/2024","4/5/2024","4/5/2024","RSP","Stock Lending","SLIP","","","$0.01"
"4/5/2024","4/5/2024","4/5/2024","NOBL","Stock Lending","SLIP","","","$0.01"
"4/5/2024","4/5/2024","4/5/2024","VYM","Stock Lending","SLIP","","","$0.01"
"4/4/2024","4/4/2024","4/4/2024","JEPI","Cash Div: R/D 2024-04-02 P/D 2024-04-04 - 2 shares at 0.34519","CDIV","","","$0.69"
"4/4/2024","4/4/2024","4/4/2024","VICI","Cash Div: R/D 2024-03-21 P/D 2024-04-04 - 3 shares at 0.415","CDIV","","","$1.25"
"4/1/2024","4/1/2024","4/1/2024","KO","Cash Div: R/D 2024-03-15 P/D 2024-04-01 - 1.082243 shares at 0.485","CDIV","","","$0.52"
"4/1/2024","4/1/2024","4/1/2024","PEP","Cash Div: R/D 2024-03-01 P/D 2024-04-01 - 0.2973 shares at 1.265","CDIV","","","$0.38"
"4/1/2024","4/1/2024","4/3/2024","VUG","Vanguard Growth ETF
CUSIP: 922908736","Buy","0.14502","$344.80","($50.00)"
"4/1/2024","4/1/2024","4/3/2024","VIG","Vanguard Dividend Appreciation ETF
CUSIP: 921908844","Buy","0.272843","$182.79","($49.87)"
"4/1/2024","4/1/2024","4/3/2024","VIG","Vanguard Dividend Appreciation ETF
CUSIP: 921908844","Buy","0.000711","$182.79","($0.13)"
"4/1/2024","4/1/2024","4/2/2024","","ACH Deposit","ACH","","","$100.00"
"3/27/2024","3/27/2024","3/27/2024","VOO","Cash Div: R/D 2024-03-25 P/D 2024-03-27 - 2.154467 shares at 1.5429","CDIV","","","$3.32"
"3/27/2024","3/27/2024","3/27/2024","NOBL","Cash Div: R/D 2024-03-21 P/D 2024-03-27 - 3.003643 shares at 0.386266","CDIV","","","$1.16"
"3/27/2024","3/27/2024","3/27/2024","NVDA","Cash Div: R/D 2024-03-06 P/D 2024-03-27 - 0.247298 shares at 0.04","CDIV","","","$0.01"
"3/26/2024","3/26/2024","3/26/2024","TXRH","Cash Div: R/D 2024-03-13 P/D 2024-03-26 - 1 shares at 0.61","CDIV","","","$0.61"
"3/25/2024","3/25/2024","3/25/2024","SCHD","Cash Div: R/D 2024-03-21 P/D 2024-03-25 - 6 shares at 0.611","CDIV","","","$3.67"
"3/25/2024","3/25/2024","3/27/2024","HD","Home Depot
CUSIP: 437076102","Buy","0.206977","$384.82","($79.65)"
"3/22/2024","3/22/2024","3/22/2024","RSP","Cash Div: R/D 2024-03-19 P/D 2024-03-22 - 1 shares at 0.68016","CDIV","","","$0.68"
"3/22/2024","3/22/2024","3/22/2024","SPHD","Cash Div: R/D 2024-03-19 P/D 2024-03-22 - 3 shares at 0.13405","CDIV","","","$0.40"
"3/21/2024","3/21/2024","3/21/2024","HD","Cash Div: R/D 2024-03-07 P/D 2024-03-21 - 0.24544 shares at 2.25","CDIV","","","$0.55"
"3/20/2024","3/20/2024","3/20/2024","VYM","Cash Div: R/D 2024-03-18 P/D 2024-03-20 - 2 shares at 0.6555","CDIV","","","$1.31"
"3/15/2024","3/15/2024","3/15/2024","MCD","Cash Div: R/D 2024-03-01 P/D 2024-03-15 - 0.357308 shares at 1.67","CDIV","","","$0.60"
"3/15/2024","3/15/2024","3/15/2024","O","Cash Div: R/D 2024-03-01 P/D 2024-03-15 - 2 shares at 0.2565","CDIV","","","$0.51"
"3/14/2024","3/14/2024","3/14/2024","MSFT","Cash Div: R/D 2024-02-15 P/D 2024-03-14 - 0.178994 shares at 0.75","CDIV","","","$0.13"
"3/14/2024","3/14/2024","3/18/2024","TXRH","Texas Roadhouse
CUSIP: 882681109","Buy","0.75","$152.96","($114.72)"
"3/14/2024","3/14/2024","3/18/2024","VICI","VICI Properties
CUSIP: 925652109","Buy","1","$28.92","($28.92)"
"3/14/2024","3/14/2024","3/18/2024","O","Realty Income
CUSIP: 756109104","Buy","1","$51.44","($51.44)"
"3/13/2024","3/13/2024","3/15/2024","SCHD","Schwab US Dividend Equity ETF
CUSIP: 808524797","Buy","1","$79.44","($79.45)"
"3/13/2024","3/13/2024","3/15/2024","COST","Costco
CUSIP: 22160K105","Buy","0.136619","$731.96","($100.00)"
"3/13/2024","3/13/2024","3/15/2024","MA","Mastercard
CUSIP: 57636Q104","Buy","0.105277","$474.94","($50.00)"
"3/13/2024","3/13/2024","3/14/2024","","ACH Deposit","ACH","","","$500.00"
"3/8/2024","3/8/2024","3/12/2024","MA","Mastercard
CUSIP: 57636Q104","Buy","0.106676","$467.10","($49.83)"
"3/8/2024","3/8/2024","3/12/2024","MA","Mastercard
CUSIP: 57636Q104","Buy","0.000363","$467.10","($0.17)"
"3/7/2024","3/7/2024","3/11/2024","VOO","Vanguard S&P 500 ETF
CUSIP: 922908363","Buy","0.154467","$473.18","($73.09)"
"3/7/2024","3/7/2024","3/11/2024","O","Realty Income
CUSIP: 756109104","Buy","1","$52.22","($52.22)"
"3/7/2024","3/7/2024","3/11/2024","VICI","VICI Properties
CUSIP: 925652109","Buy","2","$29.00","($58.00)"
"3/7/2024","3/7/2024","3/11/2024","NVDA","NVIDIA
CUSIP: 67066G104","Sell","0.247298","$940.80","$232.66"
"3/7/2024","3/7/2024","3/7/2024","SCHD","Stock Lending","SLIP","","","$0.01"
"3/7/2024","3/7/2024","3/7/2024","VYM","Stock Lending","SLIP","","","$0.01"
"3/7/2024","3/7/2024","3/7/2024","ARM","Stock Lending","SLIP","","","$0.01"
"3/7/2024","3/7/2024","3/7/2024","NOBL","Stock Lending","SLIP","","","$0.01"
"3/7/2024","3/7/2024","3/7/2024","RSP","Stock Lending","SLIP","","","$0.01"
"3/6/2024","3/6/2024","3/6/2024","JEPI","Cash Div: R/D 2024-03-04 P/D 2024-03-06 - 2 shares at 0.30085","CDIV","","","$0.60"
"2/26/2024","2/26/2024","2/28/2024","AMZN","Amazon
CUSIP: 023135106","Buy","0.840353","$174.26","($146.44)"
"2/26/2024","2/26/2024","2/28/2024","MSFT","Microsoft
CUSIP: 594918104","Buy","0.244331","$409.28","($100.00)"
"2/26/2024","2/26/2024","2/28/2024","VOO","Vanguard S&P 500 ETF
CUSIP: 922908363","Buy","0.066164","$466.04","($30.84)"
"2/26/2024","2/26/2024","2/28/2024","SBUX","Starbucks
CUSIP: 855244109","Buy","0.467509","$94.67","($44.26)"
"2/26/2024","2/26/2024","2/28/2024","GOOGL","Alphabet Class A
CUSIP: 02079K305","Buy","0.089044","$138.08","($12.29)"
"2/26/2024","2/26/2024","2/28/2024","GOOGL","Alphabet Class A
CUSIP: 02079K305","Buy","1.209","$138.06","($166.91)"
"2/26/2024","2/26/2024","2/27/2024","","ACH Deposit","ACH","","","$500.00"
"2/23/2024","2/23/2024","2/23/2024","SPHD","Cash Div: R/D 2024-02-21 P/D 2024-02-23 - 3 shares at 0.14544","CDIV","","","$0.44"
"2/23/2024","2/23/2024","2/23/2024","SBUX","Cash Div: R/D 2024-02-09 P/D 2024-02-23 - 0.532491 shares at 0.57","CDIV","","","$0.30"
"2/21/2024","2/21/2024","2/23/2024","VOO","Vanguard S&P 500 ETF
CUSIP: 922908363","Buy","0.25348","$455.38","($115.43)"
"2/21/2024","2/21/2024","2/23/2024","COST","Costco
CUSIP: 22160K105","Buy","0.103623","$723.78","($75.00)"
"2/21/2024","2/21/2024","2/23/2024","NFLX","Netflix
CUSIP: 64110L106","Buy","0.174383","$573.45","($100.00)"
"2/21/2024","2/21/2024","2/23/2024","MSFT","Microsoft
CUSIP: 594918104","Buy","0.250482","$399.23","($100.00)"
"2/21/2024","2/21/2024","2/23/2024","GOOGL","Alphabet Class A
CUSIP: 02079K305","Buy","0.272188","$142.48","($38.78)"
"2/21/2024","2/21/2024","2/23/2024","TXRH","Texas Roadhouse
CUSIP: 882681109","Buy","0.5","$145.70","($72.85)"
"2/21/2024","2/21/2024","2/22/2024","","ACH Deposit","ACH","","","$500.00"
"2/16/2024","2/16/2024","2/16/2024","COST","Cash Div: R/D 2024-02-02 P/D 2024-02-16 - 0.171821 shares at 1.02","CDIV","","","$0.18"
"2/15/2024","2/15/2024","2/15/2024","O","Cash Div: R/D 2024-02-01 P/D 2024-02-15 - 2 shares at 0.2565","CDIV","","","$0.51"
"2/13/2024","2/13/2024","2/13/2024","TXN","Cash Div: R/D 2024-01-31 P/D 2024-02-13 - 0.5 shares at 1.3","CDIV","","","$0.65"
"2/9/2024","2/9/2024","2/9/2024","MA","Cash Div: R/D 2024-01-09 P/D 2024-02-09 - 0.127367 shares at 0.66","CDIV","","","$0.08"
"2/7/2024","2/7/2024","2/7/2024","ARM","Stock Lending","SLIP","","","$0.01"
"2/7/2024","2/7/2024","2/7/2024","VYM","Stock Lending","SLIP","","","$0.01"
"2/7/2024","2/7/2024","2/7/2024","NOBL","Stock Lending","SLIP","","","$0.01"
"2/7/2024","2/7/2024","2/7/2024","SCHD","Stock Lending","SLIP","","","$0.01"
"2/6/2024","2/6/2024","2/6/2024","JEPI","Cash Div: R/D 2024-02-02 P/D 2024-02-06 - 2 shares at 0.30061","CDIV","","","$0.60"
"1/29/2024","1/29/2024","1/31/2024","VOO","Vanguard S&P 500 ETF
CUSIP: 922908363","Buy","0.047421","$448.96","($21.29)"
"1/29/2024","1/29/2024","1/31/2024","PEP","PepsiCo
CUSIP: 713448108","Buy","0.2973","$168.18","($50.00)"
"1/29/2024","1/29/2024","1/31/2024","GOOGL","Alphabet Class A
CUSIP: 02079K305","Buy","0.327836","$152.52","($50.00)"
"1/29/2024","1/29/2024","1/31/2024","O","Realty Income
CUSIP: 756109104","Buy","2","$54.98","($109.95)"
"1/29/2024","1/29/2024","1/31/2024","JEPI","JPMorgan Equity Premium Income
CUSIP: 46641Q332","Buy","2","$56.01","($112.01)"
"1/29/2024","1/29/2024","1/31/2024","RSP","Invesco S&P 500 Equal Weight ETF
CUSIP: 46137V357","Buy","1","$157.60","($157.60)"
"1/29/2024","1/29/2024","1/30/2024","","ACH Deposit","ACH","","","$478.00"
"1/26/2024","1/26/2024","1/26/2024","SPHD","Cash Div: R/D 2024-01-23 P/D 2024-01-26 - 3 shares at 0.15303","CDIV","","","$0.46"
"1/12/2024","1/12/2024","1/12/2024","ARM","ADR Fee: R/D 2023-12-18 P/D 2024-01-12 - 1.000000 shares at 0.02","AFEE","","","($0.02)"
"1/12/2024","1/12/2024","1/12/2024","COST","Cash Div: R/D 2023-12-28 P/D 2024-01-12 - 0.171821 shares at 15","CDIV","","","$2.58"
"1/10/2024","1/10/2024","1/10/2024","DIS","Cash Div: R/D 2023-12-11 P/D 2024-01-10 - 0.258526 shares at 0.3","CDIV","","","$0.08"
"1/8/2024","1/8/2024","1/8/2024","VYM","Stock Lending","SLIP","","","$0.01"
"1/8/2024","1/8/2024","1/8/2024","ARM","Stock Lending","SLIP","","","$0.01"
"1/8/2024","1/8/2024","1/8/2024","SCHD","Stock Lending","SLIP","","","$0.01"
"1/8/2024","1/8/2024","1/8/2024","NOBL","Stock Lending","SLIP","","","$0.01"
"12/28/2023","12/28/2023","12/28/2023","NVDA","Cash Div: R/D 2023-12-06 P/D 2023-12-28 - 0.247298 shares at 0.04","CDIV","","","$0.01"
"12/28/2023","12/28/2023","12/28/2023","NOBL","Cash Div: R/D 2023-12-21 P/D 2023-12-28 - 3.003643 shares at 0.655835","CDIV","","","$1.97"
"12/26/2023","12/26/2023","12/26/2023","VOO","Cash Div: R/D 2023-12-21 P/D 2023-12-26 - 1.632935 shares at 1.8011","CDIV","","","$2.94"
"12/26/2023","12/26/2023","12/26/2023","TXRH","Cash Div: R/D 2023-12-06 P/D 2023-12-26 - 0.5 shares at 0.55","CDIV","","","$0.28"
"12/22/2023","12/22/2023","12/22/2023","SPHD","Cash Div: R/D 2023-12-19 P/D 2023-12-22 - 3 shares at 0.16931","CDIV","","","$0.51"
"12/21/2023","12/21/2023","12/21/2023","VYM","Cash Div: R/D 2023-12-19 P/D 2023-12-21 - 2 shares at 1.0995","CDIV","","","$2.20"
"12/15/2023","12/15/2023","12/15/2023","MCD","Cash Div: R/D 2023-12-01 P/D 2023-12-15 - 0.357308 shares at 1.67","CDIV","","","$0.60"
"12/15/2023","12/15/2023","12/15/2023","KO","Cash Div: R/D 2023-12-01 P/D 2023-12-15 - 1.082243 shares at 0.46","CDIV","","","$0.50"
"12/14/2023","12/14/2023","12/14/2023","HD","Cash Div: R/D 2023-11-30 P/D 2023-12-14 - 0.24544 shares at 2.09","CDIV","","","$0.51"
"12/14/2023","12/14/2023","12/14/2023","MSFT","Cash Div: R/D 2023-11-16 P/D 2023-12-14 - 0.178994 shares at 0.75","CDIV","","","$0.13"
"12/11/2023","12/11/2023","12/11/2023","SCHD","Cash Div: R/D 2023-12-07 P/D 2023-12-11 - 5 shares at 0.7423","CDIV","","","$3.71"
"12/7/2023","12/7/2023","12/7/2023","NOBL","Stock Lending","SLIP","","","$0.01"
"12/7/2023","12/7/2023","12/7/2023","SCHD","Stock Lending","SLIP","","","$0.01"
"12/7/2023","12/7/2023","12/7/2023","ARM","Stock Lending","SLIP","","","$0.01"
"12/5/2023","12/5/2023","12/7/2023","CMG","Chipotle
CUSIP: 169656105","Buy","0.044809","$2,219.00","($99.43)"
"12/5/2023","12/5/2023","12/7/2023","CMG","Chipotle
CUSIP: 169656105","Buy","0.000256","$2,219.00","($0.57)"
"12/5/2023","12/5/2023","12/7/2023","NOBL","ProShares S&P 500 Dividend Aristocrats ETF
CUSIP: 74348A467","Buy","1","$92.05","($92.05)"
"12/5/2023","12/5/2023","12/7/2023","NOBL","ProShares S&P 500 Dividend Aristocrats ETF
CUSIP: 74348A467","Buy","0.3","$92.08","($27.63)"
"12/4/2023","12/4/2023","12/6/2023","VOO","Vanguard S&P 500 ETF
CUSIP: 922908363","Buy","0.491515","$419.00","($205.94)"
"12/4/2023","12/4/2023","12/6/2023","SCHD","Schwab US Dividend Equity ETF
CUSIP: 808524797","Buy","1","$73.43","($73.43)"
"12/4/2023","12/4/2023","12/6/2023","","ACH Deposit","ACH","","","$500.00"
"11/24/2023","11/24/2023","11/24/2023","SPHD","Cash Div: R/D 2023-11-21 P/D 2023-11-24 - 3 shares at 0.16389","CDIV","","","$0.49"
"11/24/2023","11/24/2023","11/24/2023","SBUX","Cash Div: R/D 2023-11-10 P/D 2023-11-24 - 0.532491 shares at 0.57","CDIV","","","$0.30"
"11/21/2023","11/21/2023","11/24/2023","VOO","Vanguard S&P 500 ETF
CUSIP: 922908363","Buy","0.14142","$416.63","($58.92)"
"11/21/2023","11/21/2023","11/24/2023","MCD","McDonald's
CUSIP: 580135101","Buy","0.357308","$279.87","($100.00)"
"11/21/2023","11/21/2023","11/24/2023","HD","Home Depot
CUSIP: 437076102","Buy","0.244917","$305.57","($74.84)"
"11/21/2023","11/21/2023","11/24/2023","HD","Home Depot
CUSIP: 437076102","Buy","0.000523","$305.57","($0.16)"
"11/21/2023","11/21/2023","11/24/2023","COST","Costco
CUSIP: 22160K105","Buy","0.171821","$582.00","($100.00)"
"11/21/2023","11/21/2023","11/24/2023","NOBL","ProShares S&P 500 Dividend Aristocrats ETF
CUSIP: 74348A467","Buy","1","$89.89","($89.89)"
"11/21/2023","11/21/2023","11/22/2023","","ACH Deposit","ACH","","","$500.00"
"11/21/2023","11/21/2023","11/24/2023","SCHD","Schwab US Dividend Equity ETF
CUSIP: 808524797","Buy","1","$71.61","($71.61)"
"11/7/2023","11/7/2023","11/9/2023","MA","Mastercard
CUSIP: 57636Q104","Buy","0.127367","$389.19","($49.57)"
"11/7/2023","11/7/2023","11/9/2023","SPHD","Invesco S&P 500 High Dividend Low Volatility ETF
CUSIP: 46138E362","Buy","3","$38.99","($116.97)"
"11/7/2023","11/7/2023","11/9/2023","TXRH","Texas Roadhouse
CUSIP: 882681109","Buy","0.5","$103.39","($51.69)"
"11/7/2023","11/7/2023","11/9/2023","TXN","Texas Instruments
CUSIP: 882508104","Buy","0.5","$146.81","($73.41)"
"11/7/2023","11/7/2023","11/9/2023","SCHD","Schwab US Dividend Equity ETF
CUSIP: 808524797","Buy","3","$69.79","($209.36)"
"11/7/2023","11/7/2023","11/8/2023","","ACH Deposit","ACH","","","$500.00"
"10/31/2023","10/31/2023","11/2/2023","GOOGL","Alphabet Class A
CUSIP: 02079K305","Buy","0.101932","$123.90","($12.63)"
"10/31/2023","10/31/2023","11/2/2023","SBUX","Starbucks
CUSIP: 855244109","Buy","0.531526","$93.17","($49.52)"
"10/31/2023","10/31/2023","11/2/2023","SBUX","Starbucks
CUSIP: 855244109","Buy","0.000965","$93.17","($0.09)"
"10/31/2023","10/31/2023","11/2/2023","KO","Coca-Cola
CUSIP: 191216100","Buy","0.530316","$56.57","($30.00)"
"10/31/2023","10/31/2023","11/2/2023","NVDA","NVIDIA
CUSIP: 67066G104","Buy","0.247298","$404.37","($100.00)"
"10/31/2023","10/31/2023","11/2/2023","MSFT","Microsoft
CUSIP: 594918104","Buy","0.088529","$338.73","($29.99)"
"10/31/2023","10/31/2023","11/2/2023","MSFT","Microsoft
CUSIP: 594918104","Buy","0.000029","$338.73","($0.01)"
"10/31/2023","10/31/2023","11/2/2023","NOBL","ProShares S&P 500 Dividend Aristocrats ETF
CUSIP: 74348A467","Buy","0.00294","$85.03","($0.25)"
"10/31/2023","10/31/2023","11/2/2023","NOBL","ProShares S&P 500 Dividend Aristocrats ETF
CUSIP: 74348A467","Buy","0.349895","$85.03","($29.75)"
"10/31/2023","10/31/2023","11/2/2023","VYM","Vanguard High Dividend Yield ETF
CUSIP: 921946406","Buy","2","$99.93","($199.86)"
"10/31/2023","10/31/2023","11/2/2023","ARM","Arm Holdings plc
CUSIP: 042068205","Buy","1","$47.90","($47.90)"
"10/31/2023","10/31/2023","11/1/2023","","ACH Deposit","ACH","","","$500.00"
"10/23/2023","10/23/2023","10/25/2023","DIS","Disney
CUSIP: 254687106","Buy","0.258526","$83.70","($21.64)"
"10/23/2023","10/23/2023","10/25/2023","NOBL","ProShares S&P 500 Dividend Aristocrats ETF
CUSIP: 74348A467","Buy","0.350692","$85.53","($29.99)"
"10/23/2023","10/23/2023","10/25/2023","NOBL","ProShares S&P 500 Dividend Aristocrats ETF
CUSIP: 74348A467","Buy","0.000116","$85.53","($0.01)"
"10/23/2023","10/23/2023","10/25/2023","KO","Coca-Cola
CUSIP: 191216100","Buy","0.551927","$54.36","($30.00)"
"10/23/2023","10/23/2023","10/25/2023","MSFT","Microsoft
CUSIP: 594918104","Buy","0.090436","$331.72","($30.00)"
"10/23/2023","10/23/2023","10/25/2023","VOO","Vanguard S&P 500 ETF
CUSIP: 922908363","Buy","1","$388.36","($388.36)"
"10/23/2023","10/23/2023","10/24/2023","","ACH Deposit","ACH","","","$500.00"
"11/22/2021","11/22/2021","11/22/2021","","ACH Withdrawal","ACH","","","($3.74)"
"10/29/2021","10/29/2021","10/29/2021","SPY","Cash Div: R/D 2021-09-20 P/D 2021-10-29 - 2.419741 shares at 1.428117","CDIV","","","$3.46"
"9/30/2021","9/30/2021","9/30/2021","SPHD","Cash Div: R/D 2021-09-21 P/D 2021-09-30 - 2.168491 shares at 0.12751","CDIV","","","$0.28"
"9/27/2021","9/27/2021","9/27/2021","","ACH Withdrawal","ACH","","","($3,547.69)"
"9/23/2021","9/23/2021","9/23/2021","VYM","Cash Div: R/D 2021-09-21 P/D 2021-09-23 - 4.975365 shares at 0.7488","CDIV","","","$3.73"
"9/23/2021","9/23/2021","9/27/2021","SNDL","Sundial Growers
CUSIP: 86730L109","Sell","11.191315","$0.70","$7.88"
"9/23/2021","9/23/2021","9/27/2021","SPY","SPDR S&P 500 ETF
CUSIP: 78462F103","Sell","2","$443.72","$887.44"
"9/23/2021","9/23/2021","9/27/2021","SPY","SPDR S&P 500 ETF
CUSIP: 78462F103","Sell","0.419741","$443.72","$186.25"
"9/23/2021","9/23/2021","9/27/2021","T","AT&T
CUSIP: 00206R102","Sell","0.305258","$27.20","$8.30"
"9/23/2021","9/23/2021","9/27/2021","SPHD","Invesco S&P 500 High Dividend Low Volatility ETF
CUSIP: 46138E362","Sell","2","$43.07","$86.14"
"9/23/2021","9/23/2021","9/27/2021","SPHD","Invesco S&P 500 High Dividend Low Volatility ETF
CUSIP: 46138E362","Sell","0.168491","$43.08","$7.26"
"9/23/2021","9/23/2021","9/27/2021","VYM","Vanguard High Dividend Yield ETF
CUSIP: 921946406","Sell","4.975365","$104.87","$521.76"
"9/23/2021","9/23/2021","9/27/2021","MSFT","Microsoft
CUSIP: 594918104","Sell","2","$300.17","$600.34"
"9/23/2021","9/23/2021","9/27/2021","VOO","Vanguard S&P 500 ETF
CUSIP: 922908363","Sell","3","$409.26","$1,227.77"
"9/23/2021","9/23/2021","9/27/2021","VOO","Vanguard S&P 500 ETF
CUSIP: 922908363","Sell","0.026443","$409.26","$10.82"
"9/14/2021","9/14/2021","9/14/2021","","ACH Withdrawal","ACH","","","($4,051.36)"
"9/10/2021","9/10/2021","9/14/2021","VOO","Vanguard S&P 500 ETF
CUSIP: 922908363","Sell","8","$413.04","$3,304.34"
"9/10/2021","9/10/2021","9/14/2021","VOO","Vanguard S&P 500 ETF
CUSIP: 922908363","Sell","0.473652","$413.04","$195.64"
"9/10/2021","9/10/2021","9/14/2021","QYLD","Global X Funds Global X NASDAQ-100 Covered Call ETF
CUSIP: 37954Y483","Sell","22","$23.06","$507.37"
"9/9/2021","9/9/2021","9/9/2021","MSFT","Cash Div: R/D 2021-08-19 P/D 2021-09-09 - 2 shares at 0.56","CDIV","","","$1.12"
"8/31/2021","8/31/2021","8/31/2021","QYLD","Cash Div: R/D 2021-08-24 P/D 2021-08-31 - 22 shares at 0.187861","CDIV","","","$4.13"
"8/31/2021","8/31/2021","8/31/2021","SPHD","Cash Div: R/D 2021-08-24 P/D 2021-08-31 - 2.168491 shares at 0.12699","CDIV","","","$0.28"
"8/2/2021","8/2/2021","8/2/2021","T","Cash Div: R/D 2021-07-09 P/D 2021-08-02 - 0.305258 shares at 0.52","CDIV","","","$0.16"
"7/30/2021","7/30/2021","7/30/2021","SPY","Cash Div: R/D 2021-06-21 P/D 2021-07-30 - 2.419741 shares at 1.375875","CDIV","","","$3.33"
"7/30/2021","7/30/2021","7/30/2021","SPHD","Cash Div: R/D 2021-07-20 P/D 2021-07-30 - 2.168491 shares at 0.11415","CDIV","","","$0.25"
"7/27/2021","7/27/2021","7/27/2021","QYLD","Cash Div: R/D 2021-07-20 P/D 2021-07-27 - 22 shares at 0.222997","CDIV","","","$4.91"
"7/2/2021","7/2/2021","7/2/2021","VOO","Cash Div: R/D 2021-06-30 P/D 2021-07-02 - 11.500095 shares at 1.3329","CDIV","","","$15.33"
"6/30/2021","6/30/2021","6/30/2021","SPHD","Cash Div: R/D 2021-06-22 P/D 2021-06-30 - 2.168491 shares at 0.12083","CDIV","","","$0.26"
"6/29/2021","6/29/2021","6/29/2021","QYLD","Cash Div: R/D 2021-06-22 P/D 2021-06-29 - 22 shares at 0.193932","CDIV","","","$4.27"
"6/24/2021","6/24/2021","6/24/2021","VYM","Cash Div: R/D 2021-06-22 P/D 2021-06-24 - 4.975365 shares at 0.7523","CDIV","","","$3.74"
"6/10/2021","6/10/2021","6/10/2021","MSFT","Cash Div: R/D 2021-05-20 P/D 2021-06-10 - 2 shares at 0.56","CDIV","","","$1.12"
"6/2/2021","6/2/2021","6/2/2021","QYLD","Cash Div: R/D 2021-05-25 P/D 2021-06-02 - 22 shares at 0.2207","CDIV","","","$4.86"
"5/28/2021","5/28/2021","5/28/2021","SPHD","Cash Div: R/D 2021-05-25 P/D 2021-05-28 - 2.168491 shares at 0.11409","CDIV","","","$0.25"
"5/17/2021","5/17/2021","5/19/2021","SPHD","Invesco S&P 500 High Dividend Low Volatility ETF
CUSIP: 46138E362","Buy","2","$46.12","($92.23)"
"5/17/2021","5/17/2021","5/19/2021","SPHD","Invesco S&P 500 High Dividend Low Volatility ETF
CUSIP: 46138E362","Buy","0.168491","$46.12","($7.77)"
"5/17/2021","5/17/2021","5/17/2021","","ACH Deposit","ACH","","","$100.00"
"5/12/2021","5/12/2021","5/14/2021","SPY","SPDR S&P 500 ETF
CUSIP: 78462F103","Buy","0.999953","$408.36","($408.34)"
"5/12/2021","5/12/2021","5/14/2021","SPY","SPDR S&P 500 ETF
CUSIP: 78462F103","Buy","0.224484","$408.34","($91.66)"
"5/12/2021","5/12/2021","5/12/2021","","ACH Deposit","ACH","","","$500.00"
"4/29/2021","4/29/2021","5/3/2021","T","AT&T
CUSIP: 00206R102","Buy","0.305258","$31.29","($9.55)"
"4/29/2021","4/29/2021","5/3/2021","SPY","SPDR S&P 500 ETF
CUSIP: 78462F103","Buy","0.999976","$418.31","($418.30)"
"4/29/2021","4/29/2021","5/3/2021","SPY","SPDR S&P 500 ETF
CUSIP: 78462F103","Buy","0.195328","$418.30","($81.70)"
"4/29/2021","4/29/2021","5/3/2021","SNDL","Sundial Growers
CUSIP: 86730L109","Buy","11","$0.89","($9.83)"
"4/29/2021","4/29/2021","5/3/2021","SNDL","Sundial Growers
CUSIP: 86730L109","Buy","0.191315","$0.89","($0.17)"
"4/27/2021","4/27/2021","4/27/2021","QYLD","Cash Div: R/D 2021-04-20 P/D 2021-04-27 - 22 shares at 0.228265","CDIV","","","$5.02"
"4/9/2021","4/9/2021","4/13/2021","AMZN","Amazon
CUSIP: 023135106","Sell","0.146334","$3,370.00","$493.15"
"3/31/2021","3/31/2021","3/31/2021","VOO","Cash Div: R/D 2021-03-29 P/D 2021-03-31 - 11.500095 shares at 1.2625","CDIV","","","$14.52"
"3/30/2021","3/30/2021","3/30/2021","QYLD","Cash Div: R/D 2021-03-23 P/D 2021-03-30 - 22 shares at 0.22386","CDIV","","","$4.92"
"3/26/2021","3/26/2021","3/30/2021","VYM","Vanguard High Dividend Yield ETF
CUSIP: 921946406
Bulk Equity Order Allocation Execution","Buy","0.032207","$100.60","($3.24)"
"3/25/2021","3/25/2021","3/25/2021","VYM","Cash Div: R/D 2021-03-23 P/D 2021-03-25 - 4.943158 shares at 0.6564","CDIV","","","$3.24"
"3/18/2021","3/18/2021","3/22/2021","VYM","Vanguard High Dividend Yield ETF
CUSIP: 921946406","Buy","4.943158","$101.15","($500.00)"
"3/18/2021","3/18/2021","3/18/2021","","ACH Deposit","ACH","","","$500.00"
"3/15/2021","3/15/2021","3/17/2021","QYLD","Global X Funds Global X NASDAQ-100 Covered Call ETF
CUSIP: 37954Y483","Buy","22","$22.69","($499.18)"
"3/15/2021","3/15/2021","3/15/2021","","ACH Deposit","ACH","","","$500.00"
"3/11/2021","3/11/2021","3/11/2021","MSFT","Cash Div: R/D 2021-02-18 P/D 2021-03-11 - 2 shares at 0.56","CDIV","","","$1.12"
"3/4/2021","3/4/2021","3/8/2021","VOO","Vanguard S&P 500 ETF
CUSIP: 922908363","Buy","2.913752","$343.20","($1,000.00)"
"3/4/2021","3/4/2021","3/4/2021","","ACH Deposit","ACH","","","$1,000.00"
"2/18/2021","2/18/2021","2/22/2021","VOO","Vanguard S&P 500 ETF
CUSIP: 922908363","Buy","2.799787","$357.17","($1,000.00)"
"2/18/2021","2/18/2021","2/18/2021","","ACH Deposit","ACH","","","$1,000.00"
"2/9/2021","2/9/2021","2/11/2021","VOO","Vanguard S&P 500 ETF
CUSIP: 922908363","Buy","1.999916","$358.87","($717.71)"
"2/9/2021","2/9/2021","2/11/2021","VOO","Vanguard S&P 500 ETF
CUSIP: 922908363","Buy","0.78664","$358.86","($282.29)"
"2/8/2021","2/8/2021","2/8/2021","","ACH Deposit","ACH","","","$1,000.00"
"2/5/2021","2/5/2021","2/9/2021","AMZN","Amazon
CUSIP: 023135106","Buy","0.146334","$3,322.86","($486.25)"
"2/5/2021","2/5/2021","2/9/2021","VOO","Vanguard S&P 500 ETF
CUSIP: 922908363","Buy","3","$356.46","($1,069.38)"
"2/5/2021","2/5/2021","2/9/2021","VOO","Vanguard S&P 500 ETF
CUSIP: 922908363","Sell","2.910601","$356.44","$1,037.44"
"2/5/2021","2/5/2021","2/9/2021","MSFT","Microsoft
CUSIP: 594918104","Buy","2","$240.99","($481.99)"
"2/5/2021","2/5/2021","2/9/2021","MSFT","Microsoft
CUSIP: 594918104","Sell","0.415618","$241.04","$100.18"
"2/4/2021","2/4/2021","2/8/2021","MSFT","Microsoft
CUSIP: 594918104","Buy","0.415618","$240.60","($100.00)"
"2/1/2021","2/1/2021","2/3/2021","VOO","Vanguard S&P 500 ETF
CUSIP: 922908363","Buy","2.910601","$343.63","($1,000.17)"
"2/1/2021","2/1/2021","2/1/2021","","ACH Deposit","ACH","","","$1,000.00"
"2/1/2021","2/1/2021","2/1/2021","","ACH Deposit","ACH","","","$900.00"
"1/29/2021","1/29/2021","1/29/2021","","ACH Deposit","ACH","","","$100.00"
"7/6/2020","7/6/2020","7/6/2020","","ACH Withdrawal","ACH","","","($588.01)"
"7/2/2020","7/2/2020","7/2/2020","VOO","Cash Div: R/D 2020-06-30 P/D 2020-07-02 - 2 shares at 1.4333","CDIV","","","$2.87"
"6/30/2020","6/30/2020","7/2/2020","VOO","Vanguard S&P 500 ETF
CUSIP: 922908363","Sell","2","$279.29","$558.56"
"4/15/2020","4/15/2020","4/17/2020","VOO","Vanguard S&P 500 ETF
CUSIP: 922908363","Buy","2","$253.84","($507.68)"
"4/14/2020","4/14/2020","4/16/2020","VOO","Vanguard S&P 500 ETF
CUSIP: 922908363","Sell","2","$258.24","$516.46"
"3/16/2020","3/16/2020","3/18/2020","VOO","Vanguard S&P 500 ETF
CUSIP: 922908363","Buy","1","$229.25","($229.25)"
"3/16/2020","3/16/2020","3/16/2020","","ACH Deposit","ACH","","","$230.00"
"3/13/2020","3/13/2020","3/13/2020","VOO","Cash Div: R/D 2020-03-11 P/D 2020-03-13 - 1 shares at 1.178","CDIV","","","$1.18"
"3/9/2020","3/9/2020","3/11/2020","FIT","Fitbit
CUSIP: 33812L102","Sell","1","$6.20","$6.20"
"3/9/2020","3/9/2020","3/11/2020","FIT","Fitbit
CUSIP: 33812L102","Buy","1","$6.21","($6.21)"
"3/9/2020","3/9/2020","3/11/2020","VOO","Vanguard S&P 500 ETF
CUSIP: 922908363","Buy","1","$254.12","($254.12)"
"3/9/2020","3/9/2020","3/9/2020","","ACH Deposit","ACH","","","$10.00"
"3/9/2020","3/9/2020","3/9/2020","","ACH Deposit","ACH","","","$250.00"
"3/3/2020","3/3/2020","3/3/2020","","ACH Deposit","ACH","","","$10.00"
""
"","","","","","","","","","The data provided is for informational purposes only. Please consult a professional tax service or personal tax advisor if you need instructions on how to calculate cost basis or questions regarding your specific tax situation. Reminder: This data does not include Robinhood Crypto or Robinhood Spending activity."
